,feature,importance
2,Artist Centrality,0.4554435313329167
1,Genres_encoded,0.19463301799747848
3,Label_Category_encoded,0.18326824284840373
0,Popularity,0.06773486599096558
4,mood_score,0.045300873125736676
5,energy_profile,0.04404130483382091
6,Featured_Centrality_Score,0.009578163870677895
