,feature,importance
2,Artist Centrality,0.4452401534104603
1,Genres_encoded,0.20041316906650936
3,Label_Category_encoded,0.18557660410618823
0,Popularity,0.0698786019253811
4,mood_score,0.04974370590801664
5,energy_profile,0.0491477655834442
