,feature,importance
2,Artist Centrality,0.4329002900617389
1,Genres_encoded,0.20257926093353767
3,Label_Category_encoded,0.19231596963741898
0,Popularity,0.07167569000976431
5,energy_profile,0.047692338290738504
4,mood_score,0.04317434528107827
6,Featured_Centrality_Score,0.009662105785723471
