,feature,importance
2,Artist Centrality,0.43752093690713834
1,Genres_encoded,0.19972029638506514
3,Label_Category_encoded,0.193690463260832
0,Popularity,0.06845191212344921
5,energy_profile,0.0455069873781883
4,mood_score,0.044286708339876364
6,Featured_Centrality_Score,0.010822695605450643
