,feature,importance
2,Artist Centrality,0.3528549658064518
3,Record Label Frequency Encoded,0.26318253623407045
1,Genres_encoded,0.24391852291095634
0,Popularity,0.06730773558166733
5,energy_profile,0.036836820594083435
4,mood_score,0.035899418872770546
