,feature,importance
2,Artist Centrality,0.3527516486947551
3,Record Label Frequency Encoded,0.26321251483910657
1,Genres_encoded,0.24396862830682203
0,Popularity,0.06735079842515776
5,energy_profile,0.03682905667418221
4,mood_score,0.03588735305997639
