,feature,importance
2,Artist Centrality,0.46615601168607657
3,Label_Category_encoded,0.1885078517073463
1,Genres_encoded,0.1807342521848498
0,Popularity,0.06522086455716035
5,energy_profile,0.04580226243210493
4,mood_score,0.04531815066362992
6,Featured_Centrality_Score,0.008260606768832062
