,feature,importance
1,Artist Centrality,0.48229690799905406
3,Record Label Frequency Encoded,0.2933644486539084
2,Genre Frequency Encoded,0.08417928973496368
0,Popularity,0.06455813345440391
5,energy_profile,0.0387512913907636
4,mood_score,0.03684992876690624
