,feature,importance
2,Artist Centrality,0.46621231011669484
3,Label_Category_encoded,0.1885064700275918
1,Genres_encoded,0.18070077508909893
0,Popularity,0.06518941542016488
5,energy_profile,0.045764135854916906
4,mood_score,0.04531453191229085
6,Featured_Centrality_Score,0.008312361579241792
