,colsample_bytree,learning_rate,max_depth,n_estimators,subsample
XGBoost,0.8170784332632994,0.052277267492428794,9,94,0.6298202574719083
