,colsample_bytree,learning_rate,max_depth,n_estimators,subsample
XGBoost,0.8281775897621597,0.1662502780077471,8,89,0.9378135394712606
