,colsample_bytree,learning_rate,max_depth,n_estimators,subsample
XGBoost,0.8404460046972835,0.22242177333881366,8,102,0.9879639408647978
